<?xml version="1.0" encoding="UTF-8" ?>
<!DOCTYPE mapper PUBLIC "-//mybatis.org//DTD Mapper 3.0//EN" "http://mybatis.org/dtd/mybatis-3-mapper.dtd">
<mapper namespace="kr.koreait.vo.CategoryVO">

	<!-- 메인 카테고리를 저장한다. -->
	<insert id="insert" parameterType="kr.koreait.vo.CategoryVO">
		<!-- nextval : 시퀀스를 증가시킨다. currval : 현재 시퀀스 값을 의미한다. -->
		insert into category (idx, category, ref, lev, seq) values (category_idx_seq.nextval, #{category}, category_idx_seq.currval, 0, 0)
	</insert>
	
	<!-- 전체 카테고리 목록을 얻어온다. -->
	<!-- 답변형 게시판은 글 목록을 얻어올 때 글 그룹(ref)의 내림차순으로 글 그룹이 같을 경우 글의 순서(seq)의 오름차순으로 얻어온다. -->
	<select id="selectList" resultType="kr.koreait.vo.CategoryVO">
		select * from category order by ref desc, seq asc
	</select>
	
	<!-- 같은 카테고리 그룹에서 카테고리 출력 순서를 조정하기 위해 seq를 수정한다. -->
	<update id="increment" parameterType="java.util.HashMap">
		<!-- ref, seq는 category 테이블의 필드이고 #{ref}, #{seq}는 HashMap 객체에 저장되서 넘어온 데이터이다. -->
		<![CDATA[
		update category set seq = seq + 1 where ref = #{ref} and seq >= #{seq}
		]]>
	</update>
	
	<!-- 서브 카테고리를 저장한다. -->
	<insert id="reply" parameterType="kr.koreait.vo.CategoryVO">
		insert into category (idx, category, ref, lev, seq) values (category_idx_seq.nextval, #{category}, #{ref}, #{lev}, #{seq})
	</insert>
	
</mapper>












