<?xml version="1.0" encoding="UTF-8" ?>
<!-- DOCTYPE이 sqlMap은 처리할 SQL 명령을 기억하는 xml 파일이다. -->
<!DOCTYPE sqlMap PUBLIC "-//iBATIS.com//DTD SQL Map 2.0//EN" "http://www.ibatis.com/dtd/sql-map-2.dtd">
<sqlMap namespace="kr.koreait.vo.GuestbookVO">
	<!-- id : SQL 명령을 식별한다. -->
	<!-- parameterClass : SQL 명령으로 전달되는 데이터의 타입을 적는다. -->
	<!-- resultClass : SQL 명령문에의해 출력되는 데이터의 타입을 적는다. -->

	<!-- 테이블에 글 1건을 저장한다. -->
	<insert id="insert" parameterClass="vo">
		<!-- nextval : 시퀀스 값을 1증가 시킨다. -->
		<!-- currval : 현재 시퀀스 값을 의미한다. -->
		insert into guestbook (idx, name, password, memo, ip) values (guestbook_idx_seq.nextval, #name#, #password#, #memo#, #ip#)
	</insert>

	<!-- 테이블에 저장된 전체 글의 개수를 얻어온다. -->
	<select id="selectCount" resultClass="int">
		select count(*) from guestbook
	</select>

	<!-- 1페이지 분량의 글 목록을 얻어온다. -->
	<select id="selectList" parameterClass="java.util.HashMap" resultClass="kr.koreait.vo.GuestbookVO">
		<!-- <![CDATA[ ~ ]]> 사이에 입력한 내용은 무조건 문자열로 취급된다. -->
		<![CDATA[
		select * from (
			select rownum rnum, TT.* from (
				select * from guestbook order by idx desc
			) TT where rownum <= #endNo#
		) where rnum >= #startNo#
		]]>
	</select>

	<!-- 테이블에서 글 1건을 얻어온다. -->
	<select id="selectByIdx" parameterClass="int" resultClass="kr.koreait.vo.GuestbookVO">
		select * from guestbook where idx = #idx#
	</select>

	<!-- 테이블에서 글 1건을 삭제한다. -->
	<delete id="delete" parameterClass="int">
		delete from guestbook where idx = #idx#
	</delete>
	
	<!-- 테이블에서 글 1건을 수정한다. -->
	<update id="update" parameterClass="kr.koreait.vo.GuestbookVO">
		update guestbook set memo = #memo# where idx = #idx#
	</update>

</sqlMap>


















